{"cameraMode":{"drawMode":0,"name":"Shaded","section":"Shading Mode"},"sceneLighting":false,"audioPlay":false,"sceneViewState":{"m_AlwaysRefresh":false,"showFog":true,"showSkybox":false,"showFlares":true,"showImageEffects":true,"showParticleSystems":true,"showVisualEffectGraphs":true,"m_FxEnabled":true},"in2DMode":false,"pivot":{"x":544.656005859375,"y":947.0159301757813,"z":-23.736011505126954},"rotation":{"x":0.07343346625566483,"y":0.002991889137774706,"z":-0.00022028562671039253,"w":0.9972944259643555},"size":269.917724609375,"orthographic":false}